219746666, Itamar Rosman, 2023-01-01, 08:48:00
217848084, Amit Rosman, 2023-01-01, 08:28:00
123456789, Ron Weasley, 2023-01-01, 09:08:00
221510545, Harry Potter, 2023-01-01, 10:27:00
111, Hermione Granger, 2023-01-01, 08:16:00
219746666, Itamar Rosman, 2023-01-02, 08:38:00
217848084, Amit Rosman, 2023-01-02, 09:34:00
123456789, Ron Weasley, 2023-01-02, 08:43:00
221510545, Harry Potter, 2023-01-02, 10:30:00
111, Hermione Granger, 2023-01-02, 08:21:00
219746666, Itamar Rosman, 2023-01-03, 09:14:00
217848084, Amit Rosman, 2023-01-03, 09:16:00
123456789, Ron Weasley, 2023-01-03, 10:08:00
221510545, Harry Potter, 2023-01-03, 10:06:00
111, Hermione Granger, 2023-01-03, 08:59:00
219746666, Itamar Rosman, 2023-01-04, 08:49:00
217848084, Amit Rosman, 2023-01-04, 09:12:00
123456789, Ron Weasley, 2023-01-04, 08:25:00
221510545, Harry Potter, 2023-01-04, 09:41:00
111, Hermione Granger, 2023-01-04, 08:39:00
219746666, Itamar Rosman, 2023-01-05, 09:36:00
217848084, Amit Rosman, 2023-01-05, 09:29:00
123456789, Ron Weasley, 2023-01-05, 08:31:00
221510545, Harry Potter, 2023-01-05, 08:49:00
111, Hermione Granger, 2023-01-05, 10:44:00
219746666, Itamar Rosman, 2023-01-06, 10:28:00
217848084, Amit Rosman, 2023-01-06, 08:10:00
123456789, Ron Weasley, 2023-01-06, 08:34:00
221510545, Harry Potter, 2023-01-06, 10:42:00
111, Hermione Granger, 2023-01-06, 08:20:00
219746666, Itamar Rosman, 2023-01-07, 10:24:00
217848084, Amit Rosman, 2023-01-07, 09:00:00
123456789, Ron Weasley, 2023-01-07, 10:56:00
221510545, Harry Potter, 2023-01-07, 09:13:00
111, Hermione Granger, 2023-01-07, 10:40:00
219746666, Itamar Rosman, 2023-01-08, 08:54:00
217848084, Amit Rosman, 2023-01-08, 08:41:00
123456789, Ron Weasley, 2023-01-08, 08:44:00
221510545, Harry Potter, 2023-01-08, 08:39:00
111, Hermione Granger, 2023-01-08, 09:21:00
219746666, Itamar Rosman, 2023-01-09, 09:13:00
217848084, Amit Rosman, 2023-01-09, 09:20:00
123456789, Ron Weasley, 2023-01-09, 08:01:00
221510545, Harry Potter, 2023-01-09, 10:55:00
111, Hermione Granger, 2023-01-09, 10:02:00
219746666, Itamar Rosman, 2023-01-10, 10:23:00
217848084, Amit Rosman, 2023-01-10, 10:27:00
123456789, Ron Weasley, 2023-01-10, 10:08:00
221510545, Harry Potter, 2023-01-10, 10:16:00
111, Hermione Granger, 2023-01-10, 10:40:00
219746666, Itamar Rosman, 2023-01-11, 09:12:00
217848084, Amit Rosman, 2023-01-11, 09:58:00
123456789, Ron Weasley, 2023-01-11, 10:22:00
221510545, Harry Potter, 2023-01-11, 09:28:00
111, Hermione Granger, 2023-01-11, 08:07:00
219746666, Itamar Rosman, 2023-01-12, 09:41:00
217848084, Amit Rosman, 2023-01-12, 09:18:00
123456789, Ron Weasley, 2023-01-12, 10:51:00
221510545, Harry Potter, 2023-01-12, 10:36:00
111, Hermione Granger, 2023-01-12, 09:23:00
219746666, Itamar Rosman, 2023-01-13, 10:07:00
217848084, Amit Rosman, 2023-01-13, 08:10:00
123456789, Ron Weasley, 2023-01-13, 09:32:00
221510545, Harry Potter, 2023-01-13, 08:16:00
111, Hermione Granger, 2023-01-13, 10:22:00
219746666, Itamar Rosman, 2023-01-14, 09:36:00
217848084, Amit Rosman, 2023-01-14, 09:35:00
123456789, Ron Weasley, 2023-01-14, 09:44:00
221510545, Harry Potter, 2023-01-14, 09:41:00
111, Hermione Granger, 2023-01-14, 10:09:00
219746666, Itamar Rosman, 2023-01-15, 08:16:00
217848084, Amit Rosman, 2023-01-15, 10:39:00
123456789, Ron Weasley, 2023-01-15, 10:33:00
221510545, Harry Potter, 2023-01-15, 08:23:00
111, Hermione Granger, 2023-01-15, 09:49:00
219746666, Itamar Rosman, 2023-01-16, 09:15:00
217848084, Amit Rosman, 2023-01-16, 09:55:00
123456789, Ron Weasley, 2023-01-16, 08:05:00
221510545, Harry Potter, 2023-01-16, 08:30:00
111, Hermione Granger, 2023-01-16, 09:33:00
219746666, Itamar Rosman, 2023-01-17, 10:32:00
217848084, Amit Rosman, 2023-01-17, 10:31:00
123456789, Ron Weasley, 2023-01-17, 08:46:00
221510545, Harry Potter, 2023-01-17, 08:40:00
111, Hermione Granger, 2023-01-17, 10:06:00
219746666, Itamar Rosman, 2023-01-18, 08:32:00
217848084, Amit Rosman, 2023-01-18, 10:52:00
123456789, Ron Weasley, 2023-01-18, 10:49:00
221510545, Harry Potter, 2023-01-18, 10:53:00
111, Hermione Granger, 2023-01-18, 08:43:00
219746666, Itamar Rosman, 2023-01-19, 10:12:00
217848084, Amit Rosman, 2023-01-19, 10:31:00
123456789, Ron Weasley, 2023-01-19, 10:43:00
221510545, Harry Potter, 2023-01-19, 08:02:00
111, Hermione Granger, 2023-01-19, 09:45:00
219746666, Itamar Rosman, 2023-01-20, 10:16:00
217848084, Amit Rosman, 2023-01-20, 08:16:00
123456789, Ron Weasley, 2023-01-20, 08:12:00
221510545, Harry Potter, 2023-01-20, 09:50:00
111, Hermione Granger, 2023-01-20, 10:01:00
219746666, Itamar Rosman, 2023-01-21, 09:47:00
217848084, Amit Rosman, 2023-01-21, 08:55:00
123456789, Ron Weasley, 2023-01-21, 09:15:00
221510545, Harry Potter, 2023-01-21, 08:59:00
111, Hermione Granger, 2023-01-21, 08:58:00
219746666, Itamar Rosman, 2023-01-22, 10:05:00
217848084, Amit Rosman, 2023-01-22, 08:35:00
123456789, Ron Weasley, 2023-01-22, 09:49:00
221510545, Harry Potter, 2023-01-22, 09:16:00
111, Hermione Granger, 2023-01-22, 10:34:00
219746666, Itamar Rosman, 2023-01-23, 10:36:00
217848084, Amit Rosman, 2023-01-23, 09:00:00
123456789, Ron Weasley, 2023-01-23, 09:37:00
221510545, Harry Potter, 2023-01-23, 10:17:00
111, Hermione Granger, 2023-01-23, 10:27:00
219746666, Itamar Rosman, 2023-01-24, 10:34:00
217848084, Amit Rosman, 2023-01-24, 10:56:00
123456789, Ron Weasley, 2023-01-24, 10:09:00
221510545, Harry Potter, 2023-01-24, 10:50:00
111, Hermione Granger, 2023-01-24, 10:55:00
219746666, Itamar Rosman, 2023-01-25, 09:37:00
217848084, Amit Rosman, 2023-01-25, 09:37:00
123456789, Ron Weasley, 2023-01-25, 08:06:00
221510545, Harry Potter, 2023-01-25, 10:35:00
111, Hermione Granger, 2023-01-25, 08:33:00
219746666, Itamar Rosman, 2023-01-26, 08:51:00
217848084, Amit Rosman, 2023-01-26, 10:26:00
123456789, Ron Weasley, 2023-01-26, 10:37:00
221510545, Harry Potter, 2023-01-26, 10:31:00
111, Hermione Granger, 2023-01-26, 10:33:00
219746666, Itamar Rosman, 2023-01-27, 08:58:00
217848084, Amit Rosman, 2023-01-27, 10:34:00
123456789, Ron Weasley, 2023-01-27, 09:17:00
221510545, Harry Potter, 2023-01-27, 08:54:00
111, Hermione Granger, 2023-01-27, 08:30:00
219746666, Itamar Rosman, 2023-01-28, 08:57:00
217848084, Amit Rosman, 2023-01-28, 08:45:00
123456789, Ron Weasley, 2023-01-28, 08:28:00
221510545, Harry Potter, 2023-01-28, 08:35:00
111, Hermione Granger, 2023-01-28, 08:04:00
219746666, Itamar Rosman, 2023-01-29, 08:52:00
217848084, Amit Rosman, 2023-01-29, 10:29:00
123456789, Ron Weasley, 2023-01-29, 10:19:00
221510545, Harry Potter, 2023-01-29, 10:40:00
111, Hermione Granger, 2023-01-29, 09:04:00
219746666, Itamar Rosman, 2023-01-30, 10:22:00
217848084, Amit Rosman, 2023-01-30, 10:53:00
123456789, Ron Weasley, 2023-01-30, 10:07:00
221510545, Harry Potter, 2023-01-30, 10:55:00
111, Hermione Granger, 2023-01-30, 08:19:00
219746666, Itamar Rosman, 2023-01-31, 09:29:00
217848084, Amit Rosman, 2023-01-31, 10:06:00
123456789, Ron Weasley, 2023-01-31, 10:32:00
221510545, Harry Potter, 2023-01-31, 09:32:00
111, Hermione Granger, 2023-01-31, 10:50:00
219746666, Itamar Rosman, 2023-02-01, 10:16:00
217848084, Amit Rosman, 2023-02-01, 10:18:00
123456789, Ron Weasley, 2023-02-01, 09:23:00
221510545, Harry Potter, 2023-02-01, 10:12:00
111, Hermione Granger, 2023-02-01, 09:57:00
219746666, Itamar Rosman, 2023-02-02, 09:15:00
217848084, Amit Rosman, 2023-02-02, 09:36:00
123456789, Ron Weasley, 2023-02-02, 10:29:00
221510545, Harry Potter, 2023-02-02, 10:36:00
111, Hermione Granger, 2023-02-02, 10:03:00
219746666, Itamar Rosman, 2023-02-03, 09:36:00
217848084, Amit Rosman, 2023-02-03, 09:35:00
123456789, Ron Weasley, 2023-02-03, 10:02:00
221510545, Harry Potter, 2023-02-03, 09:30:00
111, Hermione Granger, 2023-02-03, 08:42:00
219746666, Itamar Rosman, 2023-02-04, 08:21:00
217848084, Amit Rosman, 2023-02-04, 10:06:00
123456789, Ron Weasley, 2023-02-04, 08:40:00
221510545, Harry Potter, 2023-02-04, 09:15:00
111, Hermione Granger, 2023-02-04, 08:50:00
219746666, Itamar Rosman, 2023-02-05, 09:48:00
217848084, Amit Rosman, 2023-02-05, 09:44:00
123456789, Ron Weasley, 2023-02-05, 09:52:00
221510545, Harry Potter, 2023-02-05, 08:33:00
111, Hermione Granger, 2023-02-05, 10:51:00
219746666, Itamar Rosman, 2023-02-06, 08:19:00
217848084, Amit Rosman, 2023-02-06, 08:30:00
123456789, Ron Weasley, 2023-02-06, 08:45:00
221510545, Harry Potter, 2023-02-06, 10:23:00
111, Hermione Granger, 2023-02-06, 08:52:00
219746666, Itamar Rosman, 2023-02-07, 09:01:00
217848084, Amit Rosman, 2023-02-07, 09:55:00
123456789, Ron Weasley, 2023-02-07, 10:40:00
221510545, Harry Potter, 2023-02-07, 09:55:00
111, Hermione Granger, 2023-02-07, 08:04:00
219746666, Itamar Rosman, 2023-02-08, 08:50:00
217848084, Amit Rosman, 2023-02-08, 10:36:00
123456789, Ron Weasley, 2023-02-08, 08:54:00
221510545, Harry Potter, 2023-02-08, 10:20:00
111, Hermione Granger, 2023-02-08, 10:47:00
219746666, Itamar Rosman, 2023-02-09, 10:33:00
217848084, Amit Rosman, 2023-02-09, 08:54:00
123456789, Ron Weasley, 2023-02-09, 08:46:00
221510545, Harry Potter, 2023-02-09, 09:55:00
111, Hermione Granger, 2023-02-09, 08:13:00
219746666, Itamar Rosman, 2023-02-10, 08:40:00
217848084, Amit Rosman, 2023-02-10, 09:23:00
123456789, Ron Weasley, 2023-02-10, 08:56:00
221510545, Harry Potter, 2023-02-10, 08:19:00
111, Hermione Granger, 2023-02-10, 10:07:00
219746666, Itamar Rosman, 2023-02-11, 08:31:00
217848084, Amit Rosman, 2023-02-11, 10:10:00
123456789, Ron Weasley, 2023-02-11, 09:47:00
221510545, Harry Potter, 2023-02-11, 10:10:00
111, Hermione Granger, 2023-02-11, 08:22:00
219746666, Itamar Rosman, 2023-02-12, 10:56:00
217848084, Amit Rosman, 2023-02-12, 10:33:00
123456789, Ron Weasley, 2023-02-12, 10:22:00
221510545, Harry Potter, 2023-02-12, 08:13:00
111, Hermione Granger, 2023-02-12, 08:32:00
219746666, Itamar Rosman, 2023-02-13, 10:04:00
217848084, Amit Rosman, 2023-02-13, 08:47:00
123456789, Ron Weasley, 2023-02-13, 09:19:00
221510545, Harry Potter, 2023-02-13, 08:40:00
111, Hermione Granger, 2023-02-13, 09:44:00
219746666, Itamar Rosman, 2023-02-14, 08:21:00
217848084, Amit Rosman, 2023-02-14, 08:24:00
123456789, Ron Weasley, 2023-02-14, 09:47:00
221510545, Harry Potter, 2023-02-14, 10:48:00
111, Hermione Granger, 2023-02-14, 10:03:00
219746666, Itamar Rosman, 2023-02-15, 08:10:00
217848084, Amit Rosman, 2023-02-15, 08:21:00
123456789, Ron Weasley, 2023-02-15, 09:09:00
221510545, Harry Potter, 2023-02-15, 08:17:00
111, Hermione Granger, 2023-02-15, 10:06:00
219746666, Itamar Rosman, 2023-02-16, 09:38:00
217848084, Amit Rosman, 2023-02-16, 09:33:00
123456789, Ron Weasley, 2023-02-16, 10:08:00
221510545, Harry Potter, 2023-02-16, 10:54:00
111, Hermione Granger, 2023-02-16, 09:18:00
219746666, Itamar Rosman, 2023-02-17, 08:50:00
217848084, Amit Rosman, 2023-02-17, 09:07:00
123456789, Ron Weasley, 2023-02-17, 10:53:00
221510545, Harry Potter, 2023-02-17, 09:39:00
111, Hermione Granger, 2023-02-17, 08:20:00
219746666, Itamar Rosman, 2023-02-18, 10:43:00
217848084, Amit Rosman, 2023-02-18, 08:38:00
123456789, Ron Weasley, 2023-02-18, 08:18:00
221510545, Harry Potter, 2023-02-18, 09:17:00
111, Hermione Granger, 2023-02-18, 10:04:00
219746666, Itamar Rosman, 2023-02-19, 08:19:00
217848084, Amit Rosman, 2023-02-19, 08:48:00
123456789, Ron Weasley, 2023-02-19, 09:33:00
221510545, Harry Potter, 2023-02-19, 09:16:00
111, Hermione Granger, 2023-02-19, 09:35:00
219746666, Itamar Rosman, 2023-02-20, 09:57:00
217848084, Amit Rosman, 2023-02-20, 09:46:00
123456789, Ron Weasley, 2023-02-20, 08:09:00
221510545, Harry Potter, 2023-02-20, 09:07:00
111, Hermione Granger, 2023-02-20, 10:39:00
219746666, Itamar Rosman, 2023-02-21, 08:48:00
217848084, Amit Rosman, 2023-02-21, 09:33:00
123456789, Ron Weasley, 2023-02-21, 10:00:00
221510545, Harry Potter, 2023-02-21, 10:07:00
111, Hermione Granger, 2023-02-21, 10:26:00
219746666, Itamar Rosman, 2023-02-22, 09:52:00
217848084, Amit Rosman, 2023-02-22, 08:58:00
123456789, Ron Weasley, 2023-02-22, 10:47:00
221510545, Harry Potter, 2023-02-22, 08:31:00
111, Hermione Granger, 2023-02-22, 10:27:00
219746666, Itamar Rosman, 2023-02-23, 08:02:00
217848084, Amit Rosman, 2023-02-23, 10:31:00
123456789, Ron Weasley, 2023-02-23, 08:24:00
221510545, Harry Potter, 2023-02-23, 08:23:00
111, Hermione Granger, 2023-02-23, 09:16:00
219746666, Itamar Rosman, 2023-02-24, 10:21:00
217848084, Amit Rosman, 2023-02-24, 09:01:00
123456789, Ron Weasley, 2023-02-24, 08:51:00
221510545, Harry Potter, 2023-02-24, 08:29:00
111, Hermione Granger, 2023-02-24, 08:33:00
219746666, Itamar Rosman, 2023-02-25, 09:43:00
217848084, Amit Rosman, 2023-02-25, 08:11:00
123456789, Ron Weasley, 2023-02-25, 08:11:00
221510545, Harry Potter, 2023-02-25, 08:42:00
111, Hermione Granger, 2023-02-25, 09:39:00
219746666, Itamar Rosman, 2023-02-26, 10:27:00
217848084, Amit Rosman, 2023-02-26, 09:12:00
123456789, Ron Weasley, 2023-02-26, 10:58:00
221510545, Harry Potter, 2023-02-26, 09:39:00
111, Hermione Granger, 2023-02-26, 09:52:00
219746666, Itamar Rosman, 2023-02-27, 10:42:00
217848084, Amit Rosman, 2023-02-27, 08:34:00
123456789, Ron Weasley, 2023-02-27, 08:07:00
221510545, Harry Potter, 2023-02-27, 08:44:00
111, Hermione Granger, 2023-02-27, 10:13:00
219746666, Itamar Rosman, 2023-02-28, 08:52:00
217848084, Amit Rosman, 2023-02-28, 09:43:00
123456789, Ron Weasley, 2023-02-28, 10:04:00
221510545, Harry Potter, 2023-02-28, 09:57:00
111, Hermione Granger, 2023-02-28, 10:11:00
219746666, Itamar Rosman, 2023-03-01, 08:12:00
217848084, Amit Rosman, 2023-03-01, 10:22:00
123456789, Ron Weasley, 2023-03-01, 08:34:00
221510545, Harry Potter, 2023-03-01, 08:24:00
111, Hermione Granger, 2023-03-01, 09:19:00
219746666, Itamar Rosman, 2023-03-02, 10:19:00
217848084, Amit Rosman, 2023-03-02, 08:54:00
123456789, Ron Weasley, 2023-03-02, 08:06:00
221510545, Harry Potter, 2023-03-02, 08:46:00
111, Hermione Granger, 2023-03-02, 10:12:00
219746666, Itamar Rosman, 2023-03-03, 08:42:00
217848084, Amit Rosman, 2023-03-03, 10:12:00
123456789, Ron Weasley, 2023-03-03, 10:57:00
221510545, Harry Potter, 2023-03-03, 09:10:00
111, Hermione Granger, 2023-03-03, 08:07:00
219746666, Itamar Rosman, 2023-03-04, 10:46:00
217848084, Amit Rosman, 2023-03-04, 10:10:00
123456789, Ron Weasley, 2023-03-04, 09:42:00
221510545, Harry Potter, 2023-03-04, 09:59:00
111, Hermione Granger, 2023-03-04, 09:02:00
219746666, Itamar Rosman, 2023-03-05, 08:52:00
217848084, Amit Rosman, 2023-03-05, 10:30:00
123456789, Ron Weasley, 2023-03-05, 10:13:00
221510545, Harry Potter, 2023-03-05, 10:44:00
111, Hermione Granger, 2023-03-05, 08:25:00
219746666, Itamar Rosman, 2023-03-06, 08:04:00
217848084, Amit Rosman, 2023-03-06, 08:52:00
123456789, Ron Weasley, 2023-03-06, 08:02:00
221510545, Harry Potter, 2023-03-06, 10:42:00
111, Hermione Granger, 2023-03-06, 10:11:00
219746666, Itamar Rosman, 2023-03-07, 09:10:00
217848084, Amit Rosman, 2023-03-07, 10:12:00
123456789, Ron Weasley, 2023-03-07, 10:37:00
221510545, Harry Potter, 2023-03-07, 08:38:00
111, Hermione Granger, 2023-03-07, 10:12:00
219746666, Itamar Rosman, 2023-03-08, 08:49:00
217848084, Amit Rosman, 2023-03-08, 10:33:00
123456789, Ron Weasley, 2023-03-08, 09:09:00
221510545, Harry Potter, 2023-03-08, 09:27:00
111, Hermione Granger, 2023-03-08, 08:58:00
219746666, Itamar Rosman, 2023-03-09, 10:56:00
217848084, Amit Rosman, 2023-03-09, 08:44:00
123456789, Ron Weasley, 2023-03-09, 09:27:00
221510545, Harry Potter, 2023-03-09, 08:30:00
111, Hermione Granger, 2023-03-09, 10:01:00
219746666, Itamar Rosman, 2023-03-10, 08:22:00
217848084, Amit Rosman, 2023-03-10, 10:25:00
123456789, Ron Weasley, 2023-03-10, 08:54:00
221510545, Harry Potter, 2023-03-10, 09:27:00
111, Hermione Granger, 2023-03-10, 10:05:00
219746666, Itamar Rosman, 2023-03-11, 08:53:00
217848084, Amit Rosman, 2023-03-11, 09:08:00
123456789, Ron Weasley, 2023-03-11, 10:07:00
221510545, Harry Potter, 2023-03-11, 10:09:00
111, Hermione Granger, 2023-03-11, 09:41:00
219746666, Itamar Rosman, 2023-03-12, 09:49:00
217848084, Amit Rosman, 2023-03-12, 09:26:00
123456789, Ron Weasley, 2023-03-12, 08:27:00
221510545, Harry Potter, 2023-03-12, 08:44:00
111, Hermione Granger, 2023-03-12, 08:39:00
219746666, Itamar Rosman, 2023-03-13, 10:07:00
217848084, Amit Rosman, 2023-03-13, 09:03:00
123456789, Ron Weasley, 2023-03-13, 08:44:00
221510545, Harry Potter, 2023-03-13, 08:58:00
111, Hermione Granger, 2023-03-13, 08:32:00
219746666, Itamar Rosman, 2023-03-14, 08:08:00
217848084, Amit Rosman, 2023-03-14, 08:06:00
123456789, Ron Weasley, 2023-03-14, 09:16:00
221510545, Harry Potter, 2023-03-14, 08:43:00
111, Hermione Granger, 2023-03-14, 08:37:00
219746666, Itamar Rosman, 2023-03-15, 09:36:00
217848084, Amit Rosman, 2023-03-15, 10:58:00
123456789, Ron Weasley, 2023-03-15, 08:05:00
221510545, Harry Potter, 2023-03-15, 10:27:00
111, Hermione Granger, 2023-03-15, 09:25:00
219746666, Itamar Rosman, 2023-03-16, 08:01:00
217848084, Amit Rosman, 2023-03-16, 08:47:00
123456789, Ron Weasley, 2023-03-16, 09:52:00
221510545, Harry Potter, 2023-03-16, 08:58:00
111, Hermione Granger, 2023-03-16, 08:21:00
219746666, Itamar Rosman, 2023-03-17, 10:10:00
217848084, Amit Rosman, 2023-03-17, 08:40:00
123456789, Ron Weasley, 2023-03-17, 09:59:00
221510545, Harry Potter, 2023-03-17, 09:07:00
111, Hermione Granger, 2023-03-17, 10:08:00
219746666, Itamar Rosman, 2023-03-18, 09:32:00
217848084, Amit Rosman, 2023-03-18, 09:29:00
123456789, Ron Weasley, 2023-03-18, 08:28:00
221510545, Harry Potter, 2023-03-18, 09:40:00
111, Hermione Granger, 2023-03-18, 09:18:00
219746666, Itamar Rosman, 2023-03-19, 10:29:00
217848084, Amit Rosman, 2023-03-19, 10:17:00
123456789, Ron Weasley, 2023-03-19, 08:35:00
221510545, Harry Potter, 2023-03-19, 09:25:00
111, Hermione Granger, 2023-03-19, 10:28:00
219746666, Itamar Rosman, 2023-03-20, 09:02:00
217848084, Amit Rosman, 2023-03-20, 10:09:00
123456789, Ron Weasley, 2023-03-20, 09:20:00
221510545, Harry Potter, 2023-03-20, 08:28:00
111, Hermione Granger, 2023-03-20, 08:32:00
219746666, Itamar Rosman, 2023-03-21, 10:37:00
217848084, Amit Rosman, 2023-03-21, 09:20:00
123456789, Ron Weasley, 2023-03-21, 09:26:00
221510545, Harry Potter, 2023-03-21, 08:21:00
111, Hermione Granger, 2023-03-21, 08:47:00
219746666, Itamar Rosman, 2023-03-22, 08:23:00
217848084, Amit Rosman, 2023-03-22, 09:04:00
123456789, Ron Weasley, 2023-03-22, 09:20:00
221510545, Harry Potter, 2023-03-22, 10:14:00
111, Hermione Granger, 2023-03-22, 08:20:00
219746666, Itamar Rosman, 2023-03-23, 10:43:00
217848084, Amit Rosman, 2023-03-23, 09:39:00
123456789, Ron Weasley, 2023-03-23, 09:17:00
221510545, Harry Potter, 2023-03-23, 08:45:00
111, Hermione Granger, 2023-03-23, 10:30:00
219746666, Itamar Rosman, 2023-03-24, 09:00:00
217848084, Amit Rosman, 2023-03-24, 10:26:00
123456789, Ron Weasley, 2023-03-24, 10:21:00
221510545, Harry Potter, 2023-03-24, 09:15:00
111, Hermione Granger, 2023-03-24, 09:15:00
219746666, Itamar Rosman, 2023-03-25, 08:01:00
217848084, Amit Rosman, 2023-03-25, 08:21:00
123456789, Ron Weasley, 2023-03-25, 10:42:00
221510545, Harry Potter, 2023-03-25, 08:43:00
111, Hermione Granger, 2023-03-25, 08:45:00
219746666, Itamar Rosman, 2023-03-26, 08:14:00
217848084, Amit Rosman, 2023-03-26, 10:18:00
123456789, Ron Weasley, 2023-03-26, 10:10:00
221510545, Harry Potter, 2023-03-26, 10:12:00
111, Hermione Granger, 2023-03-26, 10:34:00
219746666, Itamar Rosman, 2023-03-27, 09:20:00
217848084, Amit Rosman, 2023-03-27, 09:40:00
123456789, Ron Weasley, 2023-03-27, 10:36:00
221510545, Harry Potter, 2023-03-27, 08:51:00
111, Hermione Granger, 2023-03-27, 10:40:00
219746666, Itamar Rosman, 2023-03-28, 09:59:00
217848084, Amit Rosman, 2023-03-28, 09:30:00
123456789, Ron Weasley, 2023-03-28, 08:20:00
221510545, Harry Potter, 2023-03-28, 09:16:00
111, Hermione Granger, 2023-03-28, 10:23:00
219746666, Itamar Rosman, 2023-03-29, 08:59:00
217848084, Amit Rosman, 2023-03-29, 08:54:00
123456789, Ron Weasley, 2023-03-29, 09:41:00
221510545, Harry Potter, 2023-03-29, 09:16:00
111, Hermione Granger, 2023-03-29, 09:49:00
219746666, Itamar Rosman, 2023-03-30, 09:56:00
217848084, Amit Rosman, 2023-03-30, 09:38:00
123456789, Ron Weasley, 2023-03-30, 09:08:00
221510545, Harry Potter, 2023-03-30, 10:45:00
111, Hermione Granger, 2023-03-30, 09:04:00
219746666, Itamar Rosman, 2023-03-31, 09:48:00
217848084, Amit Rosman, 2023-03-31, 10:17:00
123456789, Ron Weasley, 2023-03-31, 09:21:00
221510545, Harry Potter, 2023-03-31, 09:22:00
111, Hermione Granger, 2023-03-31, 08:49:00
111, Hermione Granger, 2023-01-11, 11:55:19.710786
217848084, Amit Rosman, 2023-01-11, 18:55:14.750674
999, ee, 2023-03-22, 13:01:56.782985
999, ee, 2023-03-22, 13:02:00.781931
999, ee, 2023-03-22, 13:09:01.627680
